1.7126437521865,0.151986706991385,1.81752336413631,-2.79153714687335
1.91732069788502,-2.665758774833,0.948691039713921,-3.23200259868446
-2.16446864457554,3.53165815417749,0.189425375291538,1.73225778491756
1.46148256478636,-2.82572337793207,-0.619960796116227,3.09313872294102
0.650576549561415,-0.610407535040177,-0.644880271073767,0.322132129433579
-3.89357211627011,2.66277275700056,-1.29156495863997,0.603705186391793
1.50153424774748,-1.30407864357532,1.49708282724866,0.534490297279815
-3.85590878785772,-2.70977394003973,-3.35193935126901,-0.189368260702643
-3.15801053082602,-3.53679275104846,-1.94958299309527,-1.93785185047634
1.52114318148911,0.119754097603927,1.9774395123777,-1.14998012499777
-0.59249159212699,-3.56687284284812,-1.38789185387876,1.99986668928708
-0.572729384031763,-1.9903095963356,-0.656208442738653,-0.997197328797591
-3.2708876572289,2.16062946233624,-2.18780050272724,0.368775931305011
-4.59926635850457,4.41080288250671,-0.179555864775165,-3.13193511603366
1.33453878234734,-1.6242973304513,0.289174959277848,2.85684493670214
-0.0956702003356442,1.52437335666841,0.135092755478142,2.05434687742671
-1.18591652091367,-0.471299906262035,-1.23461503897042,-0.796467151343105
-1.85923666916501,-2.4822708422009,-3.49236341455812,0.480827519224032
-1.78549879970261,-1.41921338842773,-1.94493194545958,1.89887465022285
5.00159701183417,0.0599761724760681,2.51930129327187,2.27360914488591
-0.602511762847154,-3.80111763699022,-1.40190730467901,-1.24973405625972
1.44651452161797,-2.86282354295763,0.938273925794143,-0.435662601191941
1.2967670525787,-1.14770950769871,1.13490213189162,-1.32163537617672
1.14580609720593,4.77068288056944,1.47531260674753,-2.74952237220325
1.33623253682657,1.16674466860655,0.869764606769411,4.59706464616969
-2.47098000121086,-0.0827603427120427,-2.15758787606662,-0.334961233516012
-1.8494859509655,0.209951004318021,-2.01368261137424,-0.547632936150246
0.799583669853499,1.35173252802312,0.802548103284306,-5.25315918913892
-2.81434247816993,0.252647050796817,-2.32886351964033,-1.87176776301003
1.66427824386881,-0.0466228047035288,0.389771154804632,1.59465142471085
-0.926366314655194,-3.79232891478105,-1.1403294020314,1.10794664596455
-0.562455532322937,-0.0539564763458932,-1.25386088268898,-0.819228698208151
-1.60627333147616,-1.13714357994816,-1.22944074537543,0.357110261877988
-0.522581945822542,0.0785819844462696,-0.28719512982262,-0.0824394239987371
1.52345230977466,4.59141317484881,2.30347047676779,0.151717105122764
0.99398860341634,2.16725199613225,1.19020602382861,1.17351755507867
-0.184630954108655,3.08025260473114,0.369400158926751,2.6903345937351
1.42982131255401,-1.98149662761703,0.591953800438822,-3.40223700245665
3.46467974046194,-3.28803661317272,2.12272515207759,0.272135726349919
0.192165008833821,-0.687944484069428,0.480325009643633,2.85096988092462
0.735467924774923,-0.0883466907366524,0.774044472950086,-0.909734010863299
0.620161065697036,0.892984873473092,0.442270679957964,-0.00210044335579152
-2.10157599323173,-2.18238344635077,-1.43160533766805,0.453945954059452
-1.70100649273099,-2.91920449364756,-2.58734672778562,-1.8025848812798
3.42482121192369,-0.0897897534212814,2.52509984058656,-3.74658115289065
1.8207099691527,3.41058995027285,2.18348857446678,1.6017935627399
1.4825399613393,-1.25499122053171,0.997151199244037,-0.155905731276401
1.09998530082874,0.28271304391761,0.238233991795066,3.9168311037339
0.580119087547273,0.849834136787031,1.80343283205233,1.08718662975019
1.06359812350416,-1.07227859526276,-0.322275133115616,2.34045027574348
0.827416757750597,0.989652358177716,-0.00232173481947133,3.12492098591839
-0.674862422772514,-0.673218288764366,0.93877339969527,-3.45812333896285
-2.17861774829575,-1.3004108945217,-1.51553397991453,-0.0230561969301528
4.47981833685592,1.78947497006829,3.52670018488344,-3.1954707134316
2.35439083522895,-4.09784143898344,-0.234240769186203,0.309001581929224
0.240137318338536,-4.55656398263338,-1.21917496523654,2.6677894782054
1.87280647496783,-1.65031894498464,1.25273366887943,-4.35635172616881
-1.7552979933623,0.962351449700893,-1.23311104305491,-3.59499340713975
3.94673405840557,-0.813054293960881,2.16890414698265,1.10748417410212
-0.962060616105109,0.547486516248419,-0.187717864254935,0.365043735065312
-3.53120034035563,-3.47945168097773,-3.73633391879935,6.63690838691303
3.00720957829947,-0.350193124736311,1.33318889270217,-1.19570241594052
2.13550931723858,-2.27575227608143,1.75355103999503,0.0117772256590929
-1.42553157293033,-0.284255570469021,-1.55854055959337,-0.341331431664051
-3.49363697431295,0.760069405052235,-1.75629865982241,-2.04134898407298
-3.90334088531977,0.0167608414588167,-2.10088144434381,1.47505643338112
-1.64403936949369,2.65446851209263,0.18904678851186,-4.45435444522305
-3.34846223969089,-2.51046548366515,-2.5160373970694,3.78481847794131
-2.26610732072378,-0.68844132738244,-0.275942702361693,0.372498014642955
1.24481546890842,-3.99187694635196,-0.217612124875222,4.44297364461694
2.00982575686544,0.0846057202470493,1.64402107238868,2.37105412148452
-1.87287155579765,1.31263059846311,-1.23920411126142,-1.4142692236351
-0.442758467423489,-1.93889371609835,-0.00559751372512094,0.334494692213656
0.0943167723817195,1.92979526773881,0.770587348126759,-1.57543877274258
2.74881815886829,1.6965638632731,2.86372005112141,-3.61896964511648
-1.55699220792908,1.22281220383857,-0.898377204492786,3.3853115954753
-3.49474297871556,1.14258749960171,-2.01860143624986,-0.102337679843796
-4.11819514596725,0.982946096222113,-1.48608859057285,2.21735225432134
0.791024504587418,-0.0530698266314324,1.54137356361592,0.548391349976175
0.0733428327748701,2.88934677846225,0.347563955513863,1.36897661131842
1.38732324340009,0.931541630657454,1.10400379029215,-1.51550964875704
-0.881296673859474,-2.5644682068583,-0.944481544590152,-4.40202451956071
1.75843322996082,-1.81252238293481,-0.28991705686189,2.52405752288316
-0.587604635070098,2.07428254896355,0.945770519892291,-3.99079799419835
0.287242319457621,-0.811881823630703,0.10008439687949,1.68691377716872
-1.63399857118674,-1.81515127598733,-0.825375504401405,-0.749079384893554
3.27477079492295,-2.48992324667251,0.85249884675934,0.885144881957791
-1.31804512581764,0.0139060895906274,-0.215185417244183,-1.13383218103251
1.2927873921611,-1.25703765932913,0.958986739977174,-0.0856906193891021
0.368800059428203,-1.28765906039135,-0.16182423574474,-0.715758119637877
3.52483221949158,-0.0172878194192039,1.91646238083415,-3.15501532785962
2.12741920606483,-2.46997338102404,0.335037088849555,1.81149658048094
-0.778898352337433,-3.93392312327963,-0.813467793079704,-0.0083115828043493
0.0853838985904797,-1.89020089025967,-0.19071140858428,0.619034747690442
0.283025367528863,-3.78635355608604,-0.830733745194697,1.96205965493646
-3.53163878617739,-1.27463368965251,-4.28493535068435,0.592639957218265
3.25607773057985,4.3703100790053,3.44561719574308,0.161840872986957
1.42508834129662,-0.99507319583826,1.35092183682837,-4.25028468518646
-1.88847360738569,2.90589852382918,-0.816234255472063,-1.49663547470107
0.440353006016774,-0.284655666967365,0.207944690235988,-2.80344720514025
-0.123908596446766,-0.17290314037209,0.3277108266434,-3.14871725972447
-2.36858243710246,0.0101753807490149,-1.49883575286097,0.465921373989975
2.86999495978517,3.99137111705667,3.45300050163149,1.53222990990571
-0.129926071372828,1.23757465256601,-0.0203633762982482,2.59618554512273
0.122434965152158,1.5851589933068,0.607237701678631,-0.763324863853857
1.28206320213979,-4.68405979140924,-0.144662933816667,1.46637066837064
-1.33304205942999,0.790572496336427,-1.04022905291698,4.73254575741916
-1.57562717451748,-1.91688364439495,-2.42319652734989,1.39471178984972
0.106299747902852,-1.6833388836463,-0.839299481787805,-0.853075008867355
1.52820534403843,-5.24996256483431,-0.197052337784646,0.137811339097998
-0.4323200162704,0.650320413884246,0.499428937188104,-1.88334259997633
1.41392787621764,2.60788767756392,1.93080844098107,1.69325802398854
1.44836314818645,-2.02667329079251,0.269217978199539,3.74267603934073
0.677483212441018,1.80047640318176,1.61735593164308,-0.274331504528295
-3.21899025551319,-1.05752981789918,-2.43776486795255,-2.34410181294609
0.844365596349953,0.306073889241888,1.50808265648283,-1.25373542306632
-1.2613097088438,2.12083509888792,-1.03629192079813,1.54318629452942
-1.3282451886868,0.252266347377239,-0.318263133376867,-0.697307797719332
-0.0315746704950257,-1.74004656134214,-0.730299612700344,-0.316301879957579
-3.63972350429522,0.606664023163408,-1.8636229897157,0.525437789403386
-0.553846024630575,0.355380126514349,-0.143878994154912,-1.84553748229592
-0.246103810845398,-3.15896321823768,-1.52579167758276,1.60746654214166
-1.12446323393055,3.13595495828361,-0.108084101197213,3.78841648626598
-1.19229851520864,1.02772578353744,-0.379168075506772,0.848680190074431
2.7752672753596,1.37366667670077,2.10344413499912,1.3189568130747
-2.21752265386929,-1.27576062463616,-2.09314860470782,1.65880757537415
-0.366328830178412,-0.204637947961021,-0.703693953714637,-0.773677517027564
-5.27118651712303,1.0260933271662,-2.68163701768772,2.05551404206963
-2.01328549139842,-0.0320530868589867,-1.01085965331938,-3.09815722485727
-0.957161545928088,2.3231733918799,0.0276967771958138,2.06907465956534
2.86749117966119,-0.737744495016118,2.44164615366253,-0.859893473183933
-3.24504351186639,-2.01557532427704,-1.33665002260597,-5.23038826885251
-2.08100462678145,-2.11432613787429,-1.1569273251223,-0.176243732270857
-3.60221717548741,3.06796101391507,-1.37253129860013,-2.35444412105581
0.754883993963386,1.37935691190944,0.932656668785875,3.56771604596927
1.28354443779614,2.88156040591182,2.85117581777385,-2.84483626676124
-2.60931502704216,-0.62844815964074,-2.3776344301753,-2.35391771038766
-0.870808630750307,1.0377826848596,-0.877404211681314,-1.11216885946457
2.31637911723252,0.222338269914406,1.92127861514867,-2.96952533420907
-1.61615914631503,-1.40422711885292,-1.5807292741445,-2.32303250663097
-0.099237246434113,3.07508325950564,2.41408019684898,-4.1339776876391
0.700288081872815,-4.71944366307122,-0.185404745842868,-1.31677960577875
-2.33305947654889,6.94717129360175,-1.04840050213858,2.23834822328523
2.73495107060774,1.29444119553575,1.36529920784836,-0.808791875069094
1.05705028487944,2.86919309728139,2.1007037407138,-0.974386888962791
-1.67237588818762,0.412362478121761,-0.506406061043964,-2.73640645015058
-1.13215985030154,-3.19878455960833,-1.09293794516685,5.62039496246638
-0.744710938763783,0.558489244336343,-0.298425916280674,1.02532404511568
0.481661004783538,1.44814233042561,2.07828603494979,-3.69079220047498
-1.50212279941573,3.71081056405713,-0.67190912025897,-2.44931969085907
-3.50142286758743,-1.00936487939255,-3.23259869258181,0.780132494950502
-0.0885092971706128,1.42558432634957,0.269892842629792,2.08321620792202
1.5272593961572,0.447319576478782,0.971804612673005,-1.07139386692422
-2.43075431951032,3.42476772364539,-1.04909490325055,0.793979846333197
-0.768910775871516,4.14970084252603,0.22016612516073,-0.999045817267735
-2.96183266892582,2.23321774458218,-1.39457530426909,-1.59042859720724
1.05061051589643,-2.06071136398139,-0.892069494473275,1.31411310904803
-0.579074156952947,0.503141802392338,-0.372569004385177,-2.26547365697623
-1.01847614788692,2.3563997821335,0.799352909593701,-2.81456468270581
-0.518979551287814,-5.35406661706683,-2.44795317585312,0.803618498578021
-1.56243318629623,-1.36455685653563,-0.96997549699367,0.284070607052482
1.54392534563917,-0.0413677560626393,1.29035607301061,-1.28766431890412
0.57512017683718,-2.57274862139255,-0.305594275075689,1.20223831420346
1.006600949377,1.0298394919006,-0.668547176607442,5.30549210500596
-6.46525223220794,2.16806376934847,-4.63605586349469,0.578892646217708
-1.93645865835921,-6.16758930698521,-3.19822254226667,1.47691314200324
1.24288164768018,1.24935914913612,2.04588413330018,0.83710350472802
-1.77440493191426,2.72002490908925,0.393441952413084,-2.38445102322899
-2.26153988497309,2.01561848100965,-1.15946511766896,2.5238494624642
-1.09098294081588,-0.45927776165786,-0.231433814648485,0.618977365696387
0.642068883076276,-3.17752872914432,-1.18974476850179,6.1514284129729
-0.98871389152378,-0.171356428056655,-0.73400599780366,0.338446146699985
0.783354628288399,-1.80313372446406,0.810615517968937,-0.337434883154624
3.76892356865177,2.1928883076258,2.27243582384326,2.36125303838688
1.65183963648076,-0.878250583860548,1.02082043299581,-3.08603694385756
2.84076836813493,0.438743812919554,1.51908363925824,0.0782779849814576
-0.384708951746537,-2.63950658800814,-1.31837032714363,-0.257676438894314
3.31444169380644,-3.1426686715358,-0.0849454681798123,4.59097750909143
-1.49207259906035,-1.60803384384332,-1.64359883729163,2.64599421887753
-0.0352004857294691,-3.14712405086645,-0.568053155686154,1.21011083471914
3.89194732308528,1.93387525027921,3.39237735266249,-3.3487689225612
0.672947035755259,-1.1321056463194,-0.330574504751304,2.87740130003883
-0.878637689046303,-1.6377665712959,-0.630341461090982,-1.2186728263062
-2.3493766824545,2.27003916352722,0.167053146793664,-3.13950890444362
1.69156083951938,-0.903270761087397,1.25050189268783,1.13799755349758
4.24598350365776,0.751948100476763,3.41600451215477,0.107456216347046
0.872085788107593,-5.20874304756069,-0.196864860717056,-0.666654517805232
-0.63249422538777,2.00069634945499,-0.26177118632872,-0.761257180763471
3.87311999940235,-0.620584692160357,2.61763431496389,-3.35282249227305
-2.38102871435562,1.32141295992046,-0.460199408474501,-2.04886708093654
2.65095588027866,1.68714758155256,1.80163251299913,1.33355911239152
-0.650634208387146,0.195778768187923,-0.205293696686851,2.39096882168825
-2.50944970012184,1.5108641118991,-1.04334881367984,-0.972809339375138
2.48442885839614,-3.08139373172489,1.304459720782,-0.716994025223644
-3.79945973894509,3.39824768323366,-2.37483312695657,-0.622107455672568
-0.887392907002531,3.96931919810714,0.700972148354483,1.09252156783592
0.646498121324749,-2.24274739173437,-0.0504892654755499,3.61869261079396
-1.43253033034343,2.62677285475642,0.219227179101186,-0.676659746017143
-3.50847859830184,-0.717076815192327,-1.87563772084853,1.4622846753285
-1.27730831083986,2.06182207407835,-0.375595712337681,1.38005259658272
-2.82251536070301,0.344814232239061,-2.05006529024753,2.712150521909
4.72394995370448,-3.14489620745331,2.30259586522472,3.03673081699063
-3.20009509325367,-3.88909727198671,-3.554476746715,2.00144802130613
-5.36269652083569,-2.01605143972693,-2.99308984430815,-3.84997493754132
-0.204469903674872,3.99140830810129,2.60966800895631,-4.53463050316781
3.42047710475776,-4.06040769195605,0.195243190226657,5.39855468628125
0.114832270114274,-1.49754073978622,-1.02823553690246,0.739072412475957
-0.60295254010548,-1.96125087562816,-0.277626241268904,-0.0779436682566265
0.9282090966155,-2.34065449151645,0.606668476756641,-3.53455826934111
2.84542284913004,-2.03131248905551,1.69439027197274,-0.757283124613207
-3.30375153797203,-0.176539643925481,-2.64053240176353,-0.901293003206612
2.73467240049615,-1.76868803904633,1.41785335943093,-0.873385388977874
-0.00504869080934678,0.814453131616825,0.856227452336475,-0.506145791081637
-1.30023321778466,2.78982396155081,0.0159789695000855,-2.28860062405528
3.24520595296891,-0.99544670958858,1.72102754888395,2.96771337060997
2.86806813341991,-4.84783459431096,-0.77093789329857,-0.68407418766688
1.93375475539274,-1.2537092617116,1.82438903999677,-3.32793835887541
-1.08292722850028,1.71251334431178,-0.598814967732262,-3.5394823555548
2.25839747505956,-1.36174702427289,0.165067952779172,0.538431679959669
0.721804291260148,2.24936173735149,1.54077521631833,3.30945565100003
-1.77185070693439,5.20440662739672,0.832158007792632,-0.169833391384988
3.68938203540624,-0.610166546476826,2.04361347541652,-1.34684643263139
-0.0157973293750353,0.542356175799202,0.140438292761458,-2.25993872347879
-0.226513529841086,2.00563492486187,0.794198261209766,1.55310601341884
0.368853832613639,2.6292592056112,1.75248508594612,-1.42064893891882
1.5721032485045,-4.3870181394491,-0.506731602582756,1.8621414311752
-1.46749428133916,0.848407247741261,-1.03111063546843,-0.282729618134039
-0.530301559077084,4.7850840035876,0.940106272318828,-0.499030130103646
5.36023730728531,-0.969557084935496,3.52309379509278,-0.942064741395253
0.0546769089011246,-0.319040891978664,-0.229825073984479,0.738785002251541
-0.689968572812526,3.11162581019738,-0.0223072771363353,-0.139531123496746
0.28057376995361,5.631972165344,1.91365338073326,-5.50879109852557
0.13875526234814,-0.853582500494118,0.223519359933101,-4.34608157617741
-0.849856316124102,-1.1719242234561,-1.01295760643484,1.0402289949084
-1.91137470809343,1.65460127168697,-1.22458805604682,2.28800520669205
1.71430407077119,-0.0810290851348553,1.07007751099226,-0.780714441987369
0.593584745252429,-0.532872940660144,0.154658831509857,1.84977413303498
0.223753827570167,1.84355890584786,1.23665283200669,-2.82594594040541
-0.655264446108902,-3.48315750740035,-0.625830454217052,0.353315681918359
-3.9122523148341,0.455184088429823,-1.19297335765077,1.45593420905965
0.276362851708789,-2.00317380589303,-0.18963365243706,0.431728284367008
5.791340716453,-1.58215635278249,2.65085253972714,1.86123865936411
-2.89649854781055,0.680926582961422,-1.52618343656566,2.479788597974
-2.26058620034747,1.72073233703914,-1.42261618011279,-1.59312454313005
-2.5426535106003,-2.35851529836462,-1.81211110044713,2.49937845463643
-1.30864847863946,5.44283445366856,0.476117600338158,-1.39693479243075
2.82038559839444,2.50495670676061,2.6775578919447,0.944292647551898
-0.954230756443127,-0.0575644984389799,0.472450305452053,-0.886245373851685
-0.860671980120938,-0.197632175519654,-0.164785782503854,-0.887216499250821
-2.25634283122787,-2.34986088851827,-2.32212455990209,1.55587401264168
0.290286883130304,0.928536773250002,0.616035656993021,2.12123938339143
1.80391637758013,-2.01459581766065,1.53783870627182,-0.965956273621469
4.70828701958901,-0.790195223777502,2.57051496500802,-2.10301817371463
2.41220924914311,0.000861118895504329,2.02464678329351,-1.29989684550945
-2.03545038866463,-2.90426156630688,-1.44071899686248,-0.61875262833863
-0.470049023334685,-2.79508338533387,-1.55414966704048,1.22705778100287
-0.0586236723489049,4.60368373939202,2.05550411715328,-4.45652144947509
0.273670969758252,-1.16053200270808,-0.301517307005025,0.9518130096636
0.852240713186611,-0.128608811499778,0.433183647253839,1.53093738505831
-2.8519556638999,2.67944784287216,-0.688594522697996,2.44176065328113
-0.245581894442367,-1.09848523919212,-0.843634701636938,2.88172888098327
-2.31060555864849,-0.373317290200714,-1.49803222425583,-2.22291503101752
-1.66725152811616,2.40706290588995,-0.781082632407975,2.34152471746549
-0.736348615335498,-0.784750182238823,-1.43377879196164,2.83406749274425
0.448511827663393,-3.34448983529038,-2.13855819173625,2.77097366756754
0.541901755017551,0.938701811392754,0.0217459118042024,2.5194877599618
0.832999315126984,1.21802495017262,1.81729846771895,0.02375149009142
-1.61916435203346,2.47939599734549,-0.172565621189481,-1.81055130910849
-1.74881306499201,0.349929444897445,-1.61366964552578,-1.1057057107118
3.21062312089578,2.79961677719131,2.7023166489592,-0.682672465339224
1.81564464813519,-1.81670219677928,0.298286987444275,-4.36060878520102
1.93553656967222,-0.959896318289478,0.170586276024464,0.0041286499774375
2.68483793559475,0.275001507668739,2.67998574790645,-3.73955235104226
-1.12315839078772,-7.70295766327261,-3.33276214694377,1.13801792514461
4.19754210452906,-0.471580057639972,2.97997358940591,-0.241997645291844
3.1777014952276,-2.68756482751568,0.835322628591162,0.953763166162542
-0.497744427831276,2.86603928141511,0.409651001805837,-6.80960781514924
1.71410751369439,-1.92680141556398,0.183479110174198,0.382742500463502
-0.220788884333953,3.3629654710487,0.579877290225605,-1.34679491691973
0.536764934738861,-1.17630732724268,-0.727693357029863,2.41093673082072
-3.01178898701566,-0.306884975230934,-2.22798515847656,1.71637899587919
1.26136690679115,1.43560516391612,1.76435990417961,0.259218823007061
5.07154696375072,-2.96793893838758,2.30262871101768,1.39431898793147
4.52819311858404,1.8113515072737,2.55668301671338,-1.39583570924706
-0.372561817514589,0.903378707527956,1.13927979996829,-1.0559066578651
-1.16076426514626,0.934516404004907,0.439736052915235,-3.0594337684775
-0.434237145172847,1.42833832816978,1.49214595846648,-0.592789787276931
3.04425026826153,-1.18958421052981,1.27488534684756,2.39406450762451
3.23143341829153,1.0711925711751,3.19257409433399,3.71874631346772
1.16995551372569,-2.72503110205271,0.00114367086814349,0.636350342579417
2.20991200650569,0.728173509507583,1.56097357627039,-1.03844476863512
-0.110273666180638,-3.00334393181818,-1.16422995018078,-2.83652083320728
1.31973787370282,-1.29540599867329,-0.205045384896971,-1.14944901715197
1.80690817613704,4.17267817951446,3.04829331671895,-0.537927949487885
8.00500678889007,-4.78022191585396,4.39004801478964,0.780341668847591
-0.197863919528284,0.20807896284166,0.435467324215702,1.16489884046579
-1.05515656089337,-0.908795583455971,-0.821614876313683,2.50444721796395
1.11237252753416,-3.17453851759414,-0.0601400586909952,-0.260385312512662
-0.918093864822801,0.158281658135546,-0.425579894117225,0.126093349958819
0.762617323836621,0.603415423792084,1.77088605000517,-0.285713665858412
1.16043582690204,-2.26368337575696,-0.230797814748162,0.681969051665466
2.42946947419967,2.354916458314,2.10793888808647,-1.80446503159832
-1.29172585579632,-4.85210489543072,-2.31204666987271,2.31418988696544
-2.76378912421641,-0.171743992487489,-1.98984633358359,-1.92492417726454
4.4027382632817,-3.09434011975696,1.01170564138773,2.61529557684821
1.64652963305163,-1.69949890947844,-0.323970979848332,4.35099440088758
-1.94718055943237,0.0993522169092739,-1.04833332101583,0.812054778744987
-2.40313480072714,-1.3393948978598,-1.07809183510003,1.24398875625759
-2.03064425059958,1.80780973989245,0.214071005555754,-1.7174257222613
1.90098130766468,0.852758368855948,0.682590717772287,2.44964574334647
-0.429390670343529,-1.00810118855137,-0.820286822482034,3.53159880741397
2.63362294977812,0.881373519269326,2.89383252341406,1.88994071000639
0.0949677200011449,1.46252062546562,1.2331160040401,0.257607194973891
-0.0619071168717968,1.57771625354227,1.00006045782334,-0.593638128182819
0.00185602826471498,0.594156755447863,0.223246773250069,0.754199725810208
-0.345763128831374,-2.10663612883856,-0.415823630662214,2.17780221444317
-1.05532732179755,-0.336650453738484,0.0232906081876011,-2.52589856860268
2.80250136506724,2.42165663982424,2.20510830758942,2.75469990638832
-3.41268527294025,1.84038253714567,-1.79298577545678,-3.22294191201154
2.72971618548194,-0.172131764597713,1.40837000616953,1.79143453477883
-0.0340825214401395,-3.94178400691976,-1.99240732214346,0.085647051431142
1.83785058113488,-4.38749888744553,0.285246318721292,0.53626559770773
0.141759480640762,-2.49720219819617,-0.731905515222052,0.109450388203822
-3.35402148702632,3.18891485057036,-2.07369459735475,-4.21213398898889
1.17707689921474,-1.0489507871358,-0.174782763261087,0.428290515684329
-1.36330870383118,-1.84165751354117,-1.20666006185108,-0.392036493093134
1.95872350807971,0.655636044853237,2.08785948603896,-0.711812815562524
-1.3202459901783,1.88214926748375,-0.445402617531369,3.81858132378761
-3.69176984314132,3.03920863943806,-2.14972841518326,0.588791363318358
-1.61209883990144,-3.07472190731393,-2.26121443472628,-1.3460266006585
-1.93857495637357,0.977690692413535,0.608396470210542,0.608529134726403
-2.74845924715278,3.43104602575555,0.184133508382136,-1.83345895229602
-0.352686102199506,2.87912921488228,0.569463546090321,2.64966402922753
-0.473440140904991,-2.29812719608527,-1.35077095989758,3.08348879466768
-1.04345921365039,0.508848108623765,-0.485125382247929,-0.741030491085651
0.589605492756798,-3.06716690035673,-0.0301467343952275,-1.0245817324332
-1.90740274716567,-1.79439371975726,-2.0884645491335,1.96337720819637
1.93199295052908,1.21408177272369,1.19379126586902,1.56554109665171
-0.282320986476405,-0.17164054882728,-0.200897782567758,-1.95542891146264
-0.48190240605349,0.322087925660338,-0.0168931759126154,-1.99080682504742
-3.89333919119857,-0.338032131970812,-2.45673107130461,3.54660051835877
-0.434670954948147,3.5539010010487,-0.369999565796298,-0.0756263737085822
-1.53532416587148,-0.965911606493909,-0.275679996973246,0.201022163797704
1.48027466089123,-0.0441073207382806,1.19308842268728,-1.55338225189668
1.67589423473943,4.33888574300607,3.03940049563392,-4.376776502729
1.96191829316594,3.97351068448775,2.90924164936222,-0.833892598232811
-1.71588845766101,-1.67703147222687,-2.15452633873161,1.9015249162562
-1.4283664721532,0.926338272919781,-1.28705513461155,0.420081403041763
0.738005448425371,0.141146618756113,-0.364166194078207,3.79780870340637
-1.27249084988267,-3.03680064213257,-1.88360560730047,4.65805498467033
-2.53732707996436,-1.69879296631769,-2.28226871199927,4.82203300693057
2.56486499609151,0.399860527955125,0.836302621136061,3.37876463092927
0.276843625499848,-1.15493116166248,-0.223051598080969,0.0383824541746622
1.49740683823453,0.371586665656183,0.372205957391423,-0.753401777612709
-1.81018595010317,-3.08377409874802,-2.20236205980223,3.13313452082422
-0.220810675500474,-0.689879321141739,-0.78762762231242,1.74081701113496
-2.88194510893372,2.24823949918539,-1.4321010276295,-2.08885257297088
-1.80518116927423,0.672423402109256,-0.871624510835319,0.482013846097467
-0.815427917221178,3.21934038053255,1.42769920277424,-4.04917884666968
-1.32061415621432,1.10008108107662,-1.4807433035474,0.554279219217859
-3.32886657228054,4.76870871735088,-0.530245076704686,-4.97912610578457
-2.57399999161886,-3.09165776437464,-1.79862125752778,2.19649195409416
-3.11493577704323,3.01612817795471,-0.990333065164736,1.87836550617796
-2.6478690810825,0.406719340725108,-0.139538325536148,-0.745797342489159
3.62518498800456,-0.487754089305988,1.66891394706001,-2.1147837956426
-0.991047580334559,-0.609839438833871,-0.947222785679102,2.12197563828294
-2.3681328411301,-4.41750675303192,-3.0651947702567,-3.31789063077778
-2.89330988315598,-1.03281442087498,-1.71896892200169,1.63221878655287
-0.841130278347454,1.3363453892902,0.608455666636413,-0.419758755918506
-1.09054774019088,5.46526522526798,1.01884039461541,1.87207181474677
-0.152010076619891,0.0201126156120578,0.942604739385392,-1.52233393303504
-0.833749570852549,-1.52124595653047,-0.424441184871191,-0.71214662993999
2.19050345428313,4.25311588320418,1.76618136898702,1.9987800629626
1.58922279636891,0.464391913301209,1.02132254702641,0.173637668831311
1.40688604716198,2.24523815225244,2.34611195096563,-2.15742848242927
1.12480469818604,0.775897883982061,-0.315260603347656,0.626088306741025
2.20204336782864,-0.957031580361391,1.40877159551486,-0.971462902306947
-0.364674543486577,-0.928742199578697,-0.55573198379884,-2.12598935537411
2.10083967338185,1.08829395583402,1.42208455586688,0.580192530077987
0.762152188391645,-3.56363280550985,-1.43618415791855,2.80327857951342
-1.15850105133371,-1.6878760015986,-1.19054972423645,1.27587071847617
-2.32757675108885,-3.65671532076177,-2.49198698659016,0.0820264610782882
-2.18517316632853,1.17696884350121,-0.537851351022289,-2.32956619561497
-1.46124684068331,0.235224539188293,-0.80823214434412,1.33538552166031
1.43794554034733,-3.64299302930295,0.0715530478738382,-0.0145049775248048
-0.155610767982252,0.61021835530016,0.294891335169684,0.748768597883942
-1.89920192611038,6.08442210663535,0.351716660900547,-0.962021249274801
-1.74336870619138,0.298874524698798,-0.728208394260868,2.42734234591007
1.73200273322394,2.33803985253152,2.93955606343778,-5.5488932170792
-0.858568239476935,1.91107139179036,0.145474210448933,-0.907956213270538
-1.90260017576172,-2.62866705909057,-2.41890847051936,2.50156240981192
-0.44214594568501,-0.298962403208289,-0.575335605917817,2.53898263593746
0.553927149537327,-2.05735867151507,0.0467051144662082,2.231495651801
1.72559613754197,-2.13394449037024,0.38520658240801,-1.98599975639124
-0.483228305896019,-0.201845215147979,0.127027994650339,-0.640164013446453
-0.136508438893135,3.11118057067056,1.19517967743093,0.389407192209282
-0.757271391900175,-2.05703442795026,-2.60713222571795,4.22886821884153
2.18377755063662,1.82414156925227,1.37031052725306,2.62531913301436
-0.0307106025148984,0.606652705847363,-0.257231133324445,-2.70944328759491
1.5295889210982,-2.81630955873174,0.763685187152719,-0.0438162022477987
3.86174670090268,-2.83477891893414,1.07030489836402,0.331898954087683
1.54276904283716,-2.9969581004332,-0.531870576232301,4.32402393594943
-0.79037482920986,1.47570275545341,-0.134644026828108,-0.627830514177183
-1.74685616251197,2.42234651189446,0.0314554947724581,2.13217109787058
-1.39772422456639,1.52630928389191,-0.209618319686238,0.526332089401314
-2.01728242221438,1.10713192874868,-1.03209832402744,0.0428966560195195
1.11714704720446,2.77614188340469,0.989164348444873,2.18569200090997
-3.18422610206398,1.35739851252258,-1.49127445377083,1.00896926320943
-2.77844104311202,-2.09445185173185,-2.87570978637583,3.97356001104035
-1.10924862212773,1.90561019595514,-1.44789397670125,-0.803255136738888
1.8119213988628,0.397992192285712,1.92827877652957,-1.26118991072803
0.306667506464489,-2.2490332702901,-0.210291828945515,-0.208310377857514
-0.651240235694512,-3.68054602783722,-1.76282154975766,-0.168810893070598
0.94626672074478,1.30881450697994,1.26404583370351,-1.77975511763138
-0.786476954710598,1.25546654617331,-0.476078391191555,-0.593219064066802
-0.0971164112329058,0.636718381818889,0.858064510029277,3.80152028859953
0.829312979726443,-0.9501953469729,0.000696483161085921,3.36637695453318
1.74779931506073,-0.149540763354502,1.96070534415332,-1.34858576341661
1.8832267087246,3.74958827754704,3.19680555619424,-1.14207358250366
3.39326640065102,-4.96263118922333,0.303319547495278,0.269174437121755
2.87098405501832,-3.03513676312505,0.407527569606542,1.90337711202764
0.38181057823451,1.95968719283802,1.03108469596239,-0.437943191318547
3.60811273242862,-1.92041123328543,1.90274711694819,-3.58934743049657
3.38729824030622,4.65227389132818,4.36143473532425,-1.54150576976346
2.8363278239932,-2.18102441089617,1.3543642060701,-0.78961136847796
-0.179063383080546,-5.44081965293301,-1.46162636531925,-0.364766544267667
-2.75215459985241,2.53419396516614,-1.59267717718576,-4.04530084711381
-0.198354724226861,-0.394507880366242,-0.19737443074148,-4.39939349900277
-1.58971756081989,0.99172426122101,-0.461237219000407,-1.37262644615915
0.316542574720259,2.26830384619256,1.10725790846421,0.196459768736135
-1.97352032219305,3.96133780449965,-0.250691956698891,-3.73028539413492
1.88922430846784,-2.53628505759174,0.625052719864841,-1.58495530521785
3.83383927172349,2.65803766369067,3.45991526452071,-3.73797204356815
1.79843679112868,-0.167579597682072,1.59088641827161,-0.40160643924172
1.78958787598826,-1.15408520086948,0.885237920956643,0.978712367967228
0.0681211272599983,0.899854142570745,0.292649057692565,0.401170297710074
4.62321162610711,-2.62434619631672,2.8014244953472,0.07177582508764
-0.154592612632969,0.0022481329489859,-0.174308354867609,-0.132137631571989
2.74608082257729,2.38932735447546,2.54059785092144,0.25053091226167
3.86414720165422,0.070561447249424,2.28989785597398,2.82481614653532
-0.0670702923695046,0.00597665606042694,0.226458747545661,-2.02573369502401
-5.91598901683235,-2.86244221120953,-4.91873537624206,4.7935086912841
-0.887998296916446,0.0145082173475661,-0.12035863430051,0.167959824786351
1.52895799333911,-0.519808501121252,0.711508202215486,3.19390027672522
-2.46959249515174,0.725625874179289,-1.48701157681035,2.33450216982204
-3.82887267186067,7.84003672765547,0.0322577397722684,-2.24539182182633
0.928756208494333,2.37010669426893,2.18046704611818,-2.85698067686123
-5.90542273617229,2.38681793312181,-3.02135646525908,2.2086793213141
0.8045063713457,0.250463701701651,0.304741890298369,1.37387546797154
-1.97706350398106,3.68552321998368,0.525188201881369,-5.3915886276229
-0.925185180771872,-2.89546380879078,-1.90739439870043,0.201875709172027
0.209236316713506,2.80957436210474,0.667342743299578,1.24337531041581
0.208005739231788,1.3681812988447,-0.519988714214063,-1.95580416877771
0.222071518014231,4.80987653963578,1.23053516052095,-0.356906769920468
-0.393964941367524,3.77332109266876,1.24255605205229,-1.15858806845213
-1.78665323690951,-1.42308119622221,-0.316142098554096,-1.32620518290746
1.12873038535874,-1.49885839351815,-0.778816317541562,-0.270348672740282
1.60343889231389,2.905077441017,2.54925126618523,-5.76543835107509
1.12293232559127,2.35013954600387,1.1824769618418,-1.49813565057231
2.6945068220377,-5.15535925413742,0.588725391002965,-5.45773204119931
-0.712304684063244,2.23786820456249,0.488459495491698,1.38896857844787
2.49557820751386,-4.33369648568521,-0.53779066165522,3.41980848240245
1.99433349185553,-1.7835244526221,-0.0139367281484046,2.91529856112033
-1.29659323029739,-1.40876466102597,-1.36949176594708,0.842833064398408
-1.05883333331726,1.81190526173687,-1.18807253038372,2.57910707882746
4.4024064237407,-0.503082024639945,1.86800767797705,-0.110802818724376
-2.14271387686456,0.630129118058376,-1.20178996431682,-2.2835893982661
2.32778607763788,-1.53772171647368,0.812935321800209,0.405687151050111
0.677624847052448,-2.01366265295375,-1.36337739348258,3.70039661186487
-1.80138562068472,-3.6079299684184,-2.83784799441547,-0.262194174568602
-3.57593484597914,1.8964408263641,-1.6646029040603,-0.688487906717996
-3.0892970592061,2.95694306456228,-1.55025985022975,-3.22584214793292
-4.69905344278518,-1.28089776944124,-2.56068186309717,-1.76694400483909
-0.740980962782104,1.6504372971333,-1.47914711012415,4.29180546921401
2.89831515012478,-2.77012686020196,0.350506691319288,1.84605551462874
-1.76927237815752,3.45270215397558,0.111553270482536,-0.901039990154643
4.02672372729145,-0.794369534113298,1.82110058694836,-0.0125522608863412
-0.510574485588553,-2.15310552855789,-0.907148408255934,-2.10140711738438
-1.17956323186187,-2.26682525135389,-2.11512435545932,2.26047335881764
-0.485999893990285,1.47997496483878,0.274859115816038,2.24109375605208
-1.21566815100366,2.28640037949001,-0.0362746936151992,1.91324512068186
-1.73417055861421,1.8965591489953,0.086399710935269,-2.32358763657592
0.0992777389774468,2.69561108591877,0.926483606852423,1.62521139003571
-0.17814529301151,2.15732083568204,1.47599854041255,1.87707564407924
2.83561012706941,-4.29451360507811,0.0916370725336125,4.48632654977984
2.53317678455575,-3.58386253037438,0.107502303760135,6.08271725964143
2.07665560261882,1.49679183985348,0.902118348876894,0.993047997701077
-0.0303418790175986,2.83143359771849,0.732657242179792,-0.785239877416285
-3.18425411826234,2.18027617245281,-0.380415973585064,-5.67149600726763
1.28475128448652,-0.444757836859512,0.591025856133941,1.67878143504683
-0.0272883677872967,2.18995041745168,1.7083316166129,-1.62222542072394
-0.395963974241233,-5.97554974674763,-1.21829368285363,2.3107850356951
-1.06342489539737,1.88787143229195,-0.40837436961761,-1.42503534183509
2.57754065344672,-1.25825086095435,0.409091465024795,-1.93848452618317
4.52047522888161,-7.22213903702294,0.703078350874631,7.10176880430522
-0.737010519795484,1.99032348574782,1.29546029341947,-1.91528522868535
-1.16434495912904,-2.14622395660235,-0.729096163467678,-1.46611455000314
2.97845649639288,2.31552771221801,2.7309695706173,-2.12004338332847
-2.71217255355585,-1.97484920917432,-2.16325369197224,-1.0114372253489
-2.6546434305594,0.537927934865048,-1.04989516336291,-3.02914348474741
1.31901767919756,-2.28669023507324,0.731663763621164,-3.09191036778192
-2.27028154921031,0.00810943644253167,-1.17348936651583,-1.12479874596148
1.34698902380703,1.97525777710504,1.4170684485864,-2.91010279342572
-1.60732912466642,1.27899421726819,-1.15410210353144,2.02291042411677
1.38560720173094,-2.89114155821222,0.16375506882926,0.316300365204711
0.753269001747386,-2.0869845153079,-0.916682167865069,4.27606858982641
0.825094608587817,1.33883960459358,1.64336821587476,-4.52237344473378
2.34761488041413,-0.700446278922684,1.7800236501825,-2.38219150538754
0.227801076361968,-3.58362975306685,-1.21317321939568,0.0483020968913253
0.515659690720147,0.773248803123414,0.85481533229707,-4.23276419546723
-5.01705408354823,5.07886617961887,-1.34842106754482,-3.9616460652396
-1.46787079823316,1.71404138991325,0.786879703151401,-1.40460760511492
-2.91746732940901,1.57072512070361,-1.64061868352292,-2.11156826036236
0.574211051785875,-0.069088632372543,0.0550389216034589,-0.0271429693934348
-0.401642274683308,1.75594662526277,1.0637831556265,1.02748627979659
0.159981437441505,0.72338792201589,-0.674581146056559,1.90949854532565
-1.1827738495984,-1.01877276354692,-0.170392422750753,-3.23227570922624
2.5539456956786,-0.466027825489352,0.63904613040805,0.579184042120567
-0.821934805303309,-0.472692559108765,-0.21547311092746,-2.2942073247248
4.34306783402024,-3.03052240454598,1.86590356520052,0.728580920758853
-4.19168863134032,1.94523593635515,-2.30817329754378,-0.265196124052251
0.961433648946882,-1.29561176454016,-0.193888445661165,-0.806386094271392
3.71637739764405,0.679109537619283,3.15163583587257,-3.48401953396886
-1.8023593375012,0.0482546803191298,-2.24118499046578,0.915377669663663
-1.68059756849677,0.278996684689701,-0.987404278814112,0.366960924155592
-1.8329011210294,1.88581016898007,-0.4079505134388,-5.11018295362327
-0.33443381601363,-0.834642477984588,0.324916356065509,-1.70229178486915
-0.0346003792299616,-1.27327501936741,0.0275720381820512,3.97490374218706
-0.589336990715095,-1.95670541537226,-1.38907849957929,0.247032191321367
4.21470329288576,0.0293931292515762,2.60085687176945,0.288808018937202
-0.370126161931827,2.32752695486904,0.735349785195535,-2.13587716228637
2.41753314091256,-3.53500266009808,1.06151975521283,0.232505085501818
-6.38691803185704,0.220011245394889,-3.55294663239691,1.52615927161445
1.86298199162768,0.850857393316166,2.23813966790165,-0.833735660778455
3.71032411317049,-2.83096550111406,1.08632797089663,3.17590135365512
-1.53440913601543,1.43765607829427,-0.125181774144949,-1.26603445224693
-0.701721788156637,-1.63366633901179,-0.390729014638952,-0.77953196694819
3.41263086287319,-4.57546949096275,1.7882331389167,-0.788249018216871
0.0655478110996169,-3.94312578312989,-1.3297825977921,-3.19370941464448
1.61433362361718,0.853904994189717,2.46773917687423,0.0339285165290263
0.86237444424395,0.76420771366534,1.25105267294124,-0.808015017928651
-0.192617801624113,0.272730992750687,0.296686990553043,2.29434282219431
-0.220151217878449,-1.49323288267914,-1.17475906962774,0.0474505491193299
-2.69109405604885,0.915991316387428,-1.88294531697338,1.63247249830171
-3.69706641733557,-1.9958833205351,-3.39340954559132,3.62597644260027
-0.141028140393935,-1.07047731799649,-0.634430576458458,-2.03309760082977
0.362538820212321,1.52663463991758,0.504695596154563,-1.18054517034032
-0.220937514343128,0.740511970324041,-0.845717008887659,3.49773816831291
0.0585308859466888,3.57132863651078,1.66435860142648,-5.1236418422498
0.89485837735253,-0.980521470861281,0.89267689951731,0.523281793018751
-0.210233327710161,-0.25208652273196,-0.704513292887144,1.90957095621737
0.371319436777834,0.421775076033444,-0.536745246970705,-0.786632071533653
2.1926139114189,2.96400734165517,2.68964622372542,-1.00328655109054
0.458241733931264,1.33214816968597,0.958933938003793,0.156695723004696
2.09271451184277,-4.41059631264497,0.243670061853064,0.669135501445786
0.543881334690681,1.60886693588752,1.27670271616182,-1.07688767271232
3.10819106614511,4.77981903919234,2.33235815764822,-4.7457871514849
0.250740368601599,-1.46407959960085,0.541426820878019,1.97314547527928
-2.6016888525086,-0.0106862159966799,-1.26264251277158,-2.08169550579289
-1.29944186830749,1.01159905168002,-0.264480455336127,-0.73004128050872
0.207609081637249,2.76354736100801,0.515729702053747,-1.87129372624547
-0.607422004512833,0.37525036573094,-0.100285478550225,0.587009454073293
0.181985778003769,-1.21391768568521,-0.779690905150721,1.37702141665428
0.84502648266656,0.00694913285451608,0.929421144538335,-2.83140442119295
-2.04552394994739,0.390669624347937,-1.09072706861067,-2.13622619936589
-3.57228603309253,-2.683777124496,-3.28271402168398,1.54156938682443
3.65212697196613,-1.21515581747614,2.67728847223285,-3.22607746376861
1.22943762367741,2.4200573702252,1.25287667373792,2.73804425627289
2.00832033696983,1.32260105010906,1.56472866671016,-1.27311008731013
-0.118060498243871,-2.23839171800962,-1.27248527123167,0.807252551992248
-0.240445521675112,1.94889775979088,0.451704606276904,-1.84344768375072
-4.02236651332716,-1.88194766521832,-3.60065917042633,1.5204109163201
0.874134592996335,-1.98920036896158,0.398739495505961,0.942163269650573
0.689795964270806,0.720424270660397,0.832423538156628,-1.19643443280562
-1.49185749333551,-2.32066717647371,-2.00105610915794,0.621170316359157
-0.805951721054042,-2.49216614347473,-1.16079486514937,1.11526944088515
3.01883516229707,-2.17076018410458,1.11644858654841,-0.880720232635151
1.31289368361017,-5.50948770852711,0.058681721501065,1.59611367665601
-1.03474012215382,5.0291374632112,0.367478414455705,-1.9294541273734
0.154106118336405,1.90106538670249,0.847355301083597,-2.74335956478537
-3.36626970145648,4.63598221563306,-0.326543136646879,0.875866008200317
2.66962362787528,-0.332036045385858,1.30958122983813,-0.0565332394711835
-2.99126946566665,-2.16826481420227,-3.14192805588781,4.5467839958332
-1.48532902239324,-4.02354593854642,-2.1741250716616,2.17544721982705
1.41505208819088,-3.45384515522374,-0.37270273507634,-3.15199233578733
2.56568954459011,-2.1526825983722,1.47036303336907,0.890121250166185
-3.05454309572325,1.95733564036676,-2.47875718115034,2.25081677918343
1.49928859842176,-1.1555759438357,0.472910200152716,0.32271018969962
1.17068053742225,-1.16238354965432,-0.439427235295601,-0.339697758413403
-0.185057551603088,2.01280228218256,0.114382981749992,-0.734675833103024
-1.95408865194779,0.494137150964514,0.112860773734882,-0.0815321071969885
-1.96193275167582,-0.590356204652066,-1.47126211907516,-1.38714419237153
0.832081006275916,-1.4573997738895,0.726403473527471,4.71766033151654
2.02364427397932,1.84022309762856,1.9746140836329,-2.41450958069411
-4.23144192895767,3.20359787200152,-1.62267106194401,-4.97038876149253
-1.95723973952728,-2.8787406911648,-2.38179485322329,-0.558221837139822
2.95089647708443,2.01071691841465,3.00822769690475,-1.03336663541121
-2.21007199149647,2.71419344577132,-1.30818525781125,2.03565778415742
-4.98675509135343,-0.444005759663514,-3.3193197924647,4.26094074667473
-0.150725652925928,1.70841320122811,0.134061844094131,-1.18839484472694
0.344458593629547,1.5108492378325,1.52150934702101,0.899513417915285
1.06452547537746,-2.30666793686746,-0.761999615892813,3.46352925346345
-1.15823744560741,-0.736790961143887,-1.99540094552976,1.23463196827998
0.627088691928565,-1.34176444429896,0.725258941546013,0.767425565498737
-0.284672452512528,1.91411061249654,0.550743069577339,2.36195377616651
1.12302329346206,-0.167844139584364,0.720789492618477,-5.93485912586811
0.23328556137953,3.48712368199873,0.770887355449049,-2.13149181186409
1.25058096237616,-0.0540305489791959,0.916771107211596,-1.26246500522392
1.09844151613259,-6.31096874506745,-0.834662303195689,0.098849766711137
0.866199053597566,-1.25708970886186,0.140201307239848,-0.949978918107147
1.62106526956098,-0.615830900686275,0.894943070399968,-0.292537690237317
-4.69711173102399,-0.88629504411956,-3.32491140071073,0.722269430201051
0.9642046241717,1.75403065208857,1.37201104523653,0.792102852633869
-3.03113040857234,4.07594292230093,-1.32372208198402,-0.473472966662004
1.20812917299238,-7.27553350495982,-0.297153135979243,2.15724111867472
2.93144976310825,1.44155048503849,1.67470776046135,-0.360337339166461
-0.601695006694959,1.69191540869319,-0.691488403740601,0.937015357547642
-2.68390158444465,2.72591966689308,-0.654897276360006,-4.24297041823193
-0.321752207133709,0.29105181124567,-0.101447867589123,-0.73045142293873
3.44278808143768,2.05400843922357,2.82808097923582,1.60938462468182
0.249850588636841,1.10409692648323,0.322621436545506,0.368023720312388
-0.31760641937529,4.817691272855,1.31626247783476,-1.28516257537107
0.0932906393810007,-1.85577929139428,-1.14435107216463,5.67644405290121
-0.419511327453193,-3.66587131657878,-1.27008413795342,3.07787148105939
0.118675268426677,-1.16314722156621,-0.498395412772864,1.50523739999126
-3.526416533757,3.79367092565401,-1.35229125466555,0.726523550254549
3.26105208322522,-1.53691137810825,0.733763604156681,0.515187870049488
-0.331316127574557,1.17986055119578,-0.826142492500138,0.325338908349613
-4.30062708446014,0.453922320969495,-2.83142382576425,-0.506589803644018
0.64780122620524,-3.71791173864507,-1.27048382948419,0.702552279066719
-0.675068560219414,2.81843667938078,-0.352472124464218,-1.86405305277523
-3.65189170160853,0.948324775345432,-2.94309679088827,-0.970917290834549
3.88833655962341,2.04133618199231,3.6048422200752,-0.667733958982012
-2.45214704719215,-0.584260877998046,-1.6718804194848,-0.532900273848011
-3.77081144279256,2.71002426651721,-1.15024375047303,-3.01317404002212
0.803570294174442,0.654740776891446,0.100334031753803,-2.72417291196057
2.83978407890784,-0.413769875702704,1.15447903592971,2.41285122629903
-0.24430069114958,-1.37633099809197,-0.639936511411978,0.162413939591143
0.0581215050597435,1.50078617083863,0.359881442549147,-2.51380371336493
-2.07610802211718,-1.19151341500544,-1.74303323514006,1.09817550087825
0.872953350326293,4.6391013232128,2.13969593942443,-4.81248316709641
0.494309077149042,2.33190796204723,1.59522125233498,2.06536894356243
0.555082435187237,-0.870244021366079,0.180217553349387,2.1302355101776
1.17942625732913,0.566104706030784,0.978840727026587,-2.46314493777525
2.01081162492828,0.210200149576854,1.60076058008149,0.0250209194752161
-2.10944305516862,3.86181299535684,-0.267578295793913,-1.67740021621913
1.36521651868072,-0.803026652998185,0.949393031353443,2.88938298392553
-3.20399999429554,3.68939098361113,-0.151818219910619,-2.80997347489753
4.70355395729214,1.29186711095912,3.28017325838595,-0.109373774191572
1.11320430933854,1.77058928386249,1.01302415185144,1.2897419293074
-0.25647062841319,1.71775586733187,1.44743900600709,3.33406002308035
-1.42213561639481,1.79937496611517,-0.237297342987754,-1.08011173364126
0.633759236510437,-3.72834271209539,-1.51798205408922,2.90340551698152
-2.77564480723191,4.5324878235643,-0.279912696148941,0.295962283221262
0.294081616205166,-0.255317392148889,0.0658048433627237,0.809030565354395
0.455600591332542,6.74594936829943,1.41525808096873,-4.36819318983493
-0.864152677998925,1.51311582500318,-0.154091493011495,2.41456523915922
-1.52302534868362,-0.144179021190324,-0.679366591444962,2.5442561744804
-3.77799266760617,2.63898768976884,-1.78985657833154,-0.927333042419417
0.895105340086809,-3.4910484143282,0.356266806462359,-1.74173079736652
0.795072899687764,-0.883735158802792,0.299480633579188,0.199858792889654
-0.0073273962959438,-0.973659504760058,-0.0386804524349361,3.37641050020588
-1.62385207856744,1.3531115875606,-0.495303662610325,-1.84381253037817
-0.392688702378516,-0.436044828490941,0.147923171621142,-5.22317736612904
-3.49492330674292,4.36967889378829,-1.07275466242619,-1.65262344817952
-3.52390659709179,0.147895154125972,-1.69367396276462,-0.829580134398087
-3.54281173651232,3.01971396323003,-1.45444681038189,-1.58789271974322
-0.919575529994918,-1.77046449078404,-0.137961897598287,1.06257440781653
1.532891122303,-1.4977856988104,0.512394389929263,-2.12100543520087
2.60273107566351,-4.94595573362838,-0.386918946202234,2.6717698808748
-1.63045011758869,2.10100827600945,-0.624234280483273,-2.34747448597741
3.41087070775654,-3.00523876710077,1.2968038996322,0.826837204357652
-2.92069339625418,0.619551067431146,-1.1460914672754,-1.16222713132268
-2.10479946764747,2.59007030946453,0.413054497873905,-2.62061570167557
-1.51913636806389,-1.80942634103889,-1.19762821222159,0.27942239765454
0.537152129282345,5.25729359916422,0.684388283221756,0.611754106967393
-4.15489634785781,3.09897614376111,-1.40248171745119,0.126158709257993
1.81896079410486,1.56805281772211,2.5800058854739,-1.0533687622946
2.85896544122318,1.17871515053642,2.15602482825936,2.55583342151367
2.112631666991,1.38918568565377,0.408807425491325,-3.42061691299918
0.344246017037852,-1.74067088361067,-0.309931518420572,2.56899191546071
1.77421835886314,1.39028223932182,1.61586509873211,-3.89947717087049
1.01996201050496,-1.05279870690852,0.387567785308417,-0.646506122378284
2.35585298233314,0.195339789919501,1.05824634644339,0.599200683563375
-0.120268190404615,1.72329699668376,0.409857485931019,-2.57152507882445
0.276675550998984,0.346405677533795,0.505830327668162,-1.52384506169651
-4.07726797778232,3.45078628537911,-2.53412331264169,2.19699635856656
-0.390292075770777,-0.292718181696165,-0.646664912416016,4.19587057706778
2.7983612736771,-4.23033969792688,0.185636578244611,0.721415184629012
-0.377670946897472,2.14178257026582,0.781984373220718,-1.64261235210111
-1.61158857857301,-0.629285723129902,-2.21856098182761,3.43217728947159
-2.63599647922566,-1.81773215740393,-1.43639239879041,-2.64652372314779
-2.16034552100653,3.84566928052101,0.101916402243925,-3.39898345807231
4.94971335184045,2.66012617245892,2.38959415105446,-0.624746404187338
0.135591649594458,-0.454452881185351,-0.68264723992656,1.34124362423412
-1.27820326216893,-0.519758631283136,-1.10122600907828,-0.00216530980861452
-5.7377777411704,4.45587309449891,-1.79869354797265,-4.36170626334803
-3.6372922710137,-0.162087342231939,-2.38450606549848,2.9628851351007
2.75965842776563,-0.191092053306956,2.31784370073208,2.84239315198134
-2.18958896853362,-1.50518212760654,-1.88538957349725,-3.60594860727673
2.74549034983163,0.757693658410219,2.70288200652065,-2.34573534182956
0.955177986190728,-1.95785350840212,-1.33102781835992,6.11722808403848
-4.6643750775189,1.10112052754132,-3.07163603716984,1.59002149607585
4.6330204637149,-0.443179541075906,2.66705280340772,-1.27380056807095
-3.03895839759586,1.30152219143469,-1.18657886982724,-3.08019852841555
-1.45619318151198,2.70756666529895,-0.575115504418259,-2.42492651121913
-0.812038315560773,3.87333882014955,1.80233237198664,-1.04036201816964
-0.629155306508985,1.03535264111346,0.448992042326694,-0.233464974860384
-2.5275344233686,-3.16402897407898,-2.95322846203725,1.92878261830045
-2.19091241668117,-4.40551435186038,-3.62912634712931,1.73828542170627
3.79865635691773,-3.60528768062156,0.756087458375012,1.56048053606808
-1.07855576609416,-3.97263152965692,-1.98855206842986,0.312491953463391
2.69850646800388,3.52811079176379,1.17509123332026,3.47399148972839
3.40474978703239,4.13624080464567,3.17248895431899,-0.0545855545645285
-1.88473426661854,1.4314271012715,-0.286439681369502,0.949560891097482
-2.82372082004223,5.30436733016796,0.675250777778453,-3.08408579537187
-4.30675335336976,0.493372653025893,-2.74361530235061,-0.38947779370973
4.99978275464207,-1.90317817797496,2.39953138113622,4.6331716611839
-1.54945777703793,-1.46107794879834,-1.79375920344312,-1.57369251221529
0.0853847414984434,-1.19506515001018,-1.00866305986901,3.29633679800248
-2.44956758453218,-0.557861111589529,-2.14935914614832,1.65273168034524
1.17114790849802,2.41568157289823,1.90488591219943,-0.074623381167988
4.26972425145706,-2.54785186092322,1.96891163680216,4.19885141972472
0.533283107452899,0.168842036239856,0.183321416179342,-0.246676477196254
-1.48237594688842,2.26628256803753,0.37203476463926,-0.933649414542599
-3.35329968800536,-2.61240464815238,-4.07261522019535,-3.7191278190771
2.42031708753267,2.91695664855687,2.5836426806693,-3.14748466530809
1.69355427980772,-1.21004109167103,1.22125014111226,2.36738008547574
0.223980665428677,1.11085641273397,0.914628518825608,4.29651768164893
1.90329411093074,-0.73576015283293,1.74025276788464,-2.82430695509013
2.4709004857856,1.09390790211635,2.10392860176443,-0.895891159139981
-0.562608444410622,-1.9463456110738,-1.00203340068878,1.63196976732249
-2.64162788804795,4.00480449825281,-0.877240598286107,1.10032143009045
1.7484282751209,1.83504703689236,1.29861828124011,-2.29735974573828
1.76766886274168,-0.9576144937297,0.509120006494529,0.31740128848387
-1.40216578604749,0.0277825624061903,-0.79901352213472,-2.0015528052455
7.27303397362837,-2.32807852408646,3.27551648050318,-0.00654844560706506
-5.53480963493599,-0.414104624582273,-3.76666670747038,-1.08827873691105
0.0450594762554202,-2.95699209470199,0.0628656761984197,1.60271225212732
2.69790162317589,-1.77343918058828,0.746967560595564,-0.721667218175706
2.2885345425324,4.58147884619034,2.5835686576236,-4.26984778886065
1.40335712015301,2.06410639131512,1.54006556761048,-3.50573740811766
0.996188598503059,-1.10837170800109,0.438404222459057,4.5307513628145
2.02874171263862,-2.1308945782357,0.254959998936974,-0.232741064394777
0.368259794672466,1.81050021194564,1.71533721017764,-1.68448424062073
-0.470302267830285,2.6119950121746,0.057821019684838,-2.6698643496162
-1.12103791122584,-1.2967036580239,-1.57499539258401,3.0334024092772
2.52713033011225,2.99599772759336,2.20573105391134,0.278946282170102
0.168482077723224,-4.15387348711959,-1.6611685803685,2.24926418266365
0.140473987415963,-4.81527611968865,-1.77528463771586,1.11744618889646
0.628585659700243,3.86277374623356,0.106376442104519,-1.72441899630844
0.0350806200986507,2.52886362455016,0.133490178778006,-0.467152950121367
-4.89080784419491,2.52470015947583,-1.91588176588778,-1.60130494797175
-0.801731510833739,-0.812075816415862,-0.132202939659864,2.30904879195547
0.92982556181901,3.01312297401901,1.17555092102163,-1.88907944685551
1.44507342993002,2.86901545133094,2.10592951107727,-5.60515214516477
-1.19908807248848,-3.34002456535591,-3.07631991311905,4.46298086964963
-0.966098615828691,-3.28791197465748,-1.95965178810254,-0.151809306168915
-4.49333748404517,-0.0173125493285397,-3.15003829567308,4.34919185423524
2.00510643078117,1.7689920170802,1.50379467494423,-0.835206682290453
0.267536282766276,1.75424591962159,0.606995445630138,2.59340341375771
1.93017716250127,-1.54273268497605,0.689484011447421,0.440635244908676
-1.69464749356729,1.34121234061957,-1.17643073592886,-4.21215168467006
0.335475215593923,-1.15292450886734,-0.423211686143785,-2.51778468718204
2.76073951509141,1.04692491673788,0.998614811736393,1.84346750296738
0.436154814299345,-4.14688098623285,-1.71953789587489,1.6221327277229
1.49804484085064,-2.72980541133364,1.0783708224227,-0.900887438447717
2.18350735579755,-2.45250782163893,0.0718663491053927,2.09790013833503
-3.12409284412092,-0.274206993673983,-2.51299272006266,0.440493150642384
0.132820661016517,1.30640574585969,0.296171569602327,-3.51894357567071
-5.96570385653456,-1.69889833099049,-3.68825298858364,-3.4758487741469
-1.59161868431137,3.07217958446745,0.540174872382388,-3.06412271934841
-0.936547213456993,-1.67659184947239,-0.635803681883579,2.22143473603432
2.17227377763323,-3.66320898458014,0.724101836476209,1.22829274104439
0.655589764164807,-0.015473297859414,0.21655310407131,-0.463003412058937
-1.90930066345952,1.65519907627669,-0.260762943523855,-1.91715262376512
0.129420303501058,-2.11191827816553,-0.524034841301512,2.07516815604155
0.225369491925275,0.259192453438666,0.942990260253003,1.29766081978028
-2.06705505641335,2.3815149748595,-0.680455170763248,1.96161254285685
-1.26583283241636,-4.04392607761162,-1.83582976406422,-0.532100797091907
-2.75477158187194,2.11309647273391,-1.41968447146297,-0.288534850618491
-2.71791886958923,-2.53405800393591,-2.65960296145448,1.95343240970315
-1.48561912115329,2.92265381769518,0.364634026985099,0.66580582706784
0.241147498939989,1.3889912203878,0.986232625773457,4.17552127861368
-3.00799239413762,-1.78039206436351,-2.27217915291607,1.99454676533655
0.310696488097459,3.21201148771878,1.59971796060256,-1.48850297627959
-1.11704369967375,0.315334973854901,-0.569972809522521,2.56980399547303
0.855267066165503,1.81236531721842,0.99404187024363,2.12923826730604
0.936363544048671,-0.145960059125367,0.0877145073228144,2.84392306962194
-1.5619622543419,-0.4649863225677,-0.721171616008291,-4.29337537603214
-4.01493409767414,-0.6400529616806,-3.34422909650215,-1.20047795300716
-2.63635981308494,-3.02961045233565,-3.04649042529452,2.23092000900421
-4.94881473044107,1.98314496720468,-2.68453161220915,4.34785774313688
3.08524132492886,-1.88813194337254,1.68484823384569,0.908561013898659
-0.728082539020223,0.675840809918927,-0.503928852216944,-0.0476034604189009
3.50870963176434,2.02131643849147,3.19083085389185,-2.17828367542638
-2.78096859304575,0.930092176480571,-1.94754740460921,1.51459924853698
3.00187547495377,3.90897374821719,2.58975950116709,-0.452869882517009
1.31986184261351,6.56411405807437,2.87036250915663,-2.73477886401836
-1.00724206000107,-4.72036859978647,-3.05209057356541,-1.76494742883925
0.723282358352495,0.0536864071106232,0.592067434636248,-5.28839344470093
0.39389128346572,3.78438283328101,1.56369230577686,-3.10918078382462
0.447411536010602,-1.24552044966599,-0.666991377759241,2.72923339862991
2.77493857820365,-1.90604597216364,1.58118109507486,-3.15390214700273
-0.534516064437139,2.17791569393487,-0.144105387365512,0.319844786042425
3.60180266303327,-1.18003121011291,2.9518477958727,-2.72810624522424
-2.62578125908549,1.36965407493283,-1.30684899044674,0.273913620344711
3.36293987176624,-2.25604519232728,0.986099078334721,0.913108366641578
-0.779554776018687,-2.66136039440454,-1.72358595495988,-0.593901663309975
0.559892212677004,5.67491758391537,1.41985053239056,0.00960037463605853
0.396606192995149,0.131918082510805,-0.415723998162958,1.66535905330465
0.437436481468896,1.440246340625,0.631569022849939,5.71842163847574
0.461729251620241,-0.566323927571723,-0.520042432838846,2.14835239632525
1.20093025407186,4.96426356817916,1.56330326122487,-4.59343139941125
-0.246308282450336,0.280313297417485,0.387743063140935,-0.54669764583171
3.48403405885508,-5.11788964105749,0.896131317869902,1.53931310407357
0.0792596066301851,-3.23737713663455,-0.213294827275422,-0.857362240020973
-0.776597003903192,1.36500496528382,0.277354620916213,-6.08710562044231
-1.04269510746556,3.51894673989081,0.98880405108418,-2.43713632923173
-0.36325920780513,0.654997088922139,-0.311191571554833,3.36717823172437
0.941113917888502,1.00154912368008,-0.306141912274842,0.198384267855484
2.19657640676568,-2.66807391262849,1.13411385650907,0.555964757581107
2.17909842746175,0.19115915775024,0.878439233683851,1.32904039390454
1.58721743388036,-0.373410060550638,2.19331631406585,0.0850297436933677
3.49465346051826,-0.158037243957927,2.85745820302482,0.524775153643457
0.622647418018593,0.00537181652089858,1.00659219173057,0.960722493681137
-0.753977080370892,2.3191101214157,1.47327612496859,-2.165723363481
4.45805896483673,-4.1959436663427,1.3266018486446,4.52433951536218
-0.62328504161883,3.44415313267943,0.54917952973594,-1.58454811932711
-2.02104520446222,-1.31173801778103,-2.40261034685079,-2.13740726794688
-2.10788830216183,1.9159704751659,-0.537032751172922,0.57346110869658
0.0331850296196474,-1.5868280695255,-1.40403139409666,6.07400803418523
-2.74679144848158,-1.78669610585669,-1.85032747859067,2.63208214572381
3.04806500384696,3.1356893910149,2.81269753983546,1.73557140043787
-0.980205407142367,0.187850538139644,-0.83921741499918,1.30885994148525
2.7317867379944,-2.19803062151549,1.45109416260129,2.17444183954162
6.07018670280361,-5.35158046771063,1.80600105496759,1.95640917882954
-1.69854592603833,-3.07946197951908,-0.400961487481833,-2.56562135355717
0.124856918824282,0.991650409151579,0.549395523363614,-3.54415645410774
-1.70374694023953,2.00051482144383,-0.311532542104808,-1.51216015253673
6.90634118482045,-5.8621472224325,2.35971453936394,0.00906739110337564
-3.57214357918448,2.90258061297102,-0.805974007464858,-5.12704162183467
3.63551322426736,-6.90812780381792,0.391747833580386,4.02429866934029
1.90324940320996,-0.0472863092595371,0.584716793745904,-1.75109270043714
2.1935214050096,3.43962026482297,2.20975053130333,2.77879955210553
2.07506718864072,-0.437422592484761,1.54406823107255,0.00353841160646412
2.02078009475432,-1.5107646041679,0.148909803199925,1.82105113048846
1.24033832645525,-0.333501208277679,1.20847415671687,1.01606636438582
-2.68470900949491,4.42858082272163,-0.316033639662259,-2.47734463808341
0.991371169102685,-0.235235248212058,0.996544943879541,1.41469555243243
-0.572750295872962,-0.396048323780042,-0.389427865876374,1.68948770277915
6.63162523529674,-0.872528265172297,3.26496511341928,0.987465855237347
0.978111510590681,3.06342341822161,2.18112252749418,-0.228227311962696
0.924410083276596,6.14380589131375,2.48556135394095,-2.24005439083076
-5.12070466405925,0.906854185668855,-2.20274205367524,0.585276745706441
-3.24813630452004,0.959296128283198,-1.98843943831331,-2.89307148984263
-3.22238786986606,-1.20695231026003,-1.2522011557421,-4.91108804517588
-1.49726992939711,1.77439730907863,-0.838364424373539,-1.92970997572834
-1.78819948628525,-0.748970945905587,-0.833618014560359,-2.75261238297662
0.798878480116208,0.0828451377795435,1.41679701057701,-1.19133783313225
-0.0763355113492453,-1.89796069673648,-0.925048100390812,0.887660467027618
-0.112940567714565,-1.77220316503954,-0.777451608676696,2.06337798186201
2.65465915553471,3.44142723359373,2.13992449435038,0.945415066430058
-4.40366197793848,2.69164133105102,-1.80049640635998,3.1484819467353
0.0156929430542567,0.134336078792101,0.284350493380204,2.0566719127098
2.63198734583004,-2.82145315810346,0.312487638445203,2.07692150207246
2.22569207384756,0.390765238157843,1.68193451307314,0.148991936440781
-1.64785948139935,3.44237019601542,1.19146319453218,-2.46575966451041
-1.0898276574055,-2.14120757525652,-1.20444820486794,-2.00978507638218
0.174522918681575,2.48073613532057,0.0704067045501141,2.96580358350731
-0.0511004168425082,-2.58167265879873,-0.752082453948322,4.74240270462788
-0.531197597362787,0.563450672800863,-0.310930090671463,2.56236230289979
-2.95580967087271,1.1070954509687,-2.02328344046395,-1.20510948339385
-0.499811977910466,1.59574663435031,0.133723325290576,0.345691579463312
0.692746772538746,1.74401281538149,0.182380747173861,-0.118026153180786
-1.22080857981467,-1.9306491206979,-1.55541330558468,-2.00519973427406
-2.0820655293887,-0.316674564457498,-1.89488794846302,0.434142858917497
-2.86378015593612,-1.32327389314138,-2.53501716714345,2.6434807725926
0.103490533659341,0.115403971171662,-1.59175029919752,1.18346180164078
3.10919253988333,-0.212062127664964,2.54332749979529,-2.23801366465097
-1.38682448577691,4.05418936571376,0.543299716959585,1.84567165336853
-0.397778936357523,0.83971195165339,-0.99275927547818,4.12567325841195
5.87103287090967,0.477536057787197,3.96014375325442,-0.142900874783685
-4.02902947265113,-0.767173715868054,-3.0055586351397,0.0560741636048457
0.906815731377147,-3.27393339876953,-1.07298395652693,0.0564555178971146
1.95456746526696,-5.25829375330879,-0.400727591100055,0.269234435688195
-1.94145569772789,1.24597670441381,0.206484443478544,-2.21159148045445
3.13938956287142,-5.55662854279552,-0.225957496535939,-1.00250141430555
1.19084788436609,2.20400678195341,1.9195056607982,-0.812656332119656
-0.166021945734606,-2.20572881553204,-0.336783006870066,-1.93599895709569
-2.0910740418803,-1.3820165920203,-2.74143010167685,-1.1535198192523
0.995082128795669,1.42981533105963,0.287105163582116,0.489813826903021
-0.144860638815831,-2.61638182818151,-0.668625392416968,2.89216825435968
-1.74244818060694,2.85288427670104,-0.779443166813667,1.17037488573848
1.00032831110776,-0.775491999669984,-0.398937625220076,1.68068501174648
0.810519647242687,-0.30017907046456,1.32766534573664,-0.314594840822315
-0.420642415715991,2.53279920452632,0.349210196241012,-0.670211564966932
1.95875050647266,-4.40554541842899,0.169770173901351,-0.951298507218197
-6.09273429743392,5.01024083673591,-2.38620630017407,-1.90629936763295
1.07868354712982,1.11558090109366,1.67690919285969,-0.757008987226319
-1.8017594135821,4.21697788055483,0.31950193388828,-0.81287569445021
0.648868556771428,-0.52243871933608,0.312948505476003,0.100562970494804
2.32477406322809,-0.724571337319329,1.73122094624741,0.0973194504703416
-0.689968428621739,0.864503131973886,0.626724149200502,-3.82311358732452
0.518802994870295,-0.861357919171592,0.0841000247874996,1.81805202066809
-6.54040286640233,0.452362432729585,-3.23032090607534,-3.44375134597373
-2.30662535643516,-1.08462273682705,-1.68616703297361,1.83365515645033
1.62624070211441,-0.23757542406609,1.188318351992,0.708863148977049
-2.20984278237305,0.249027517021359,-1.97445898543251,3.9096038929024
-0.694774157918024,2.93547227147816,0.913098970184102,0.147171616466116
0.9680166536205,0.893351856124206,0.532598034448439,1.63166359247003
-1.1125710248781,-0.794281898741305,-1.08867760245541,-3.43005458664742
-2.13649340391343,5.00718714862661,0.0840857654710215,0.710773746846959
-3.04129342849178,-0.583442836225885,-2.16216512020591,0.143065762451645
2.09486335669342,-0.92294139025652,-0.0147123425584755,6.71813951718495
-4.22875755983485,1.02341570434706,-2.67740332754877,-1.26763498500131
-2.11126117378153,-0.640112432048048,-1.70001993068421,-1.80660098698738
0.46939120056972,-0.590797417881125,-0.635809622420572,2.17562427423345
-1.95751848183914,0.0627045143244439,-1.35388762325895,0.432205652057077
1.14031320422608,-2.65856440814967,-1.285485393721,4.92533740370968
2.34111962700177,-2.08166724915356,0.165730002218968,-0.0602620800852644
1.27088826122737,-5.85837555648788,-1.92589950042925,1.90926076205981
0.590504650457093,0.0426161795380862,0.254413426153582,1.67412455374744
2.70709730246554,1.92801612280757,2.6613306457908,-2.75062959741312
0.204170164348437,0.279594266429203,-0.0651838951889195,2.38699340242665
0.379074842000531,2.68311019891939,0.893499597078126,-0.489210290318307
-5.14789258734276,1.97021994124529,-1.4223573116722,-0.964961987812056
0.232916560035548,0.696304596409061,-0.153030917474294,-0.0474786520559624
-1.26953255772377,-1.59924807998539,-1.05210915569455,2.32482973184888
-2.58010969742983,-1.80606015423358,-2.20311330322709,-0.840284213568485
2.40807004802115,-2.49101619871071,0.659102653871034,-0.133060877598912
0.758548991413987,-1.50112188416474,-0.876028616620211,1.80240300358822
2.27455867306679,2.23676884977092,1.86817331588269,2.2917578482396
-2.9805483297264,6.10907751667304,0.42856084665146,-1.90435192179955
-4.1801782795408,-0.686626729767672,-3.95750290021198,2.91621172276112
1.72864442791718,-3.60871145249094,-0.870176626867353,4.61427482550896
2.04001772908665,0.214415884253518,1.42056274981482,0.428139686657066
4.29237587580598,1.7451863579693,4.20466085255616,-4.08569217221752
2.05796083925982,2.03893478341069,1.50716310299952,0.994327726014165
1.57401753292512,0.703660361929828,1.50372409257067,-3.56718980612854
-1.51288915258013,-0.879964822844133,-1.06194816081768,-1.3530166311447
1.15302748313886,-1.15043156939337,0.164938415759849,1.35350379770388
-0.445915513296481,-0.0721875169073523,-0.23988779174927,4.20881165585305
0.513814145185549,-1.34914747841568,0.820150776503345,-0.683915298061938
-2.72300798873596,3.29348874651385,-0.733257440730704,0.776418907928315
-0.544092596173047,-1.93342865845187,-0.827757026789097,1.09810064674602
-2.23729206394364,-2.14064311329151,-2.56235162593539,3.38248671577835
0.655373699230376,-6.49533610413844,-1.17351039616052,1.0871961752137
0.369842914307465,-0.202999190881855,0.71880742554793,-2.59530239514898
0.670364510124036,0.983555970417143,0.489048324825078,3.6992980165442
-1.09146117706303,-2.60496805729394,-0.929730096769088,2.1327998428998
-0.619132818139269,0.319408387848134,-0.112428514037375,0.0454213101956066
-3.56938294256133,-3.60942608500685,-3.39082093837164,-2.63796279000239
-0.0114816643585201,0.932226472176846,-0.196364166873875,2.33753475142808
-3.72228210742721,0.425761661138142,-2.41676466437045,0.318810145785679
0.178840938984898,0.14753912605149,-0.0298671836203575,0.974752306708617
4.09768886287733,-1.96829943256137,2.05330117248646,1.29372286324815
1.5344048765443,-0.652034297674369,1.15397685220424,0.96692389188039
2.67620706102363,0.312590784093609,2.23206830603959,-1.93774293259225
1.96016589225851,6.57281772436837,3.75075139995668,-0.883152026172795
-0.962652484016623,1.93655568571992,-0.106535164180772,-0.842473077926771
0.722933478235611,-0.185865947238666,0.424599130033307,-0.45171486749731
-4.81964377172901,7.34019165264546,-0.428439098221869,-0.387104517439439
3.07582126778209,-5.16884968572298,-0.419282275589043,2.29627627471306
-2.68386765790895,1.7558737939592,-0.280092296799391,-4.03022011560966
0.453222884309404,-0.132963158459522,2.02013970925646,-5.36746485802788
-3.12048058762874,-2.93135753364507,-3.39838349957676,2.77817757431274
1.01176573463902,3.80569245156183,2.77749553459582,-4.65780118594981
-0.958850316048334,-1.85222058352297,-0.767616556868176,0.999901457783789
2.78022992088211,0.60083199526819,2.14157129906675,-0.982685285564852
0.747129702535424,1.41729438324792,0.187448979762704,4.11318763218244
-0.474078264445381,-0.960255786572213,-1.5647858295708,2.55771580788357
0.443119831798792,1.73169218115636,1.23652694253195,-1.93654727858604
-0.199675313570134,2.89651353125675,0.662171759614282,0.996524498001617
-2.5129940609687,6.328730068349,0.176007520260177,-4.73488366616037
-1.82456398785452,2.93506977235223,-1.1345610992048,-0.285163013385344
5.58410286883524,0.164746145205102,3.10653608307919,1.38746112396198
-1.94435932488167,-1.13948434538639,-1.24919718215611,1.02865508750485
1.9522211738797,-6.38651323379314,-1.17813422147429,-0.264143232829064
-0.473276494089029,-0.62346097665596,-0.514328225849487,-0.604567106728248
-1.65286607886071,1.09229476469469,-0.822047579443166,4.09710392424075
-2.33482589884066,0.0698626803787449,-2.80615169904363,0.272684957604389
-3.14381807129097,2.4600716918365,-1.31370966675054,1.70833147062346
-2.48136175972283,-0.93479649604619,-2.10519357865792,2.40708608636962
-2.4422898514065,-0.507994934107379,-2.86167293785735,1.36534075941281
1.14245970562108,-3.11660439866924,-0.224773504665585,-4.2933903115373
-0.614032966034582,2.61416078288973,0.128498015315544,0.00444049745367328
4.15146082450958,-0.785641617194069,2.27977001482876,-1.87390632744681
1.72478657099154,-2.11684536431524,0.160906567134458,0.296026181747907
3.63962002709707,-2.26354438364141,1.68265699941146,-0.526869075801106
0.984184243189974,2.82482745162034,1.7556111041199,1.97946622421032
1.23084202325227,0.0454397420254771,1.05176449440216,-3.25635936302431
0.807916515997778,-4.00299111411883,-0.654872950400245,-3.72836207176301
-0.388934635836475,-1.68457462899545,-0.653091312414331,2.62326326870021
1.88782526349244,0.322061607673223,1.76783093789655,1.05255999947794
-0.166450716926609,0.490744613247511,0.0357741414458424,-0.765855004573722
1.48629481949029,1.40693682662873,2.05139058621337,-2.08041576431852
-1.52064580073203,2.77492425075444,-0.375372102329989,2.29777290721251
1.02185914071162,0.749556577585425,1.31890973806644,-6.08103389493352
-0.972771600148419,0.487814567016418,-0.726755247606976,-2.65477477879702
